Rank,Company,Headquarters_Headquarters,USA_Retail_Sales_million,USA_Sales_Growth_14vs13,Worldwide_ Retail_ Sales_million,USA_percentage_Worldwide_ Sales,Number_Stores,Growth 14vs13
100,Dell,"Round Rock, Texas",3868000,-0.06,3868000,1,N/A,N/A
99,Price Chopper Supermarkets,"Schenectady, N.Y.",3890000,0.03,3890000,1,135,0.02
98,Stater Bros. Holdings,"San Bernardino, Calif.",3910000,0.02,3910000,1,167,0.01
97,Sonic,"Oklahoma City, Okla.",4033000,0.04,4033000,1,3518,0.00
96,Chipotle Mexican Grill,"Denver, Colo.",4069000,0.28,4108000,0.99,1766,0.12
95,Belk,"Charlotte, N.C.",4110000,0.02,4110000,1,297,-0.01
94,Domino's Pizza,"Ann Arbor, Mich.",4116000,0.09,8915000,0.46,5067,0.02
93,True Value Co.,Chicago,4117000,0.06,3891000,0.98,4602,0.02
92,Michaels Stores,"Irving, Texas",4277000,0.04,4738000,0.9,1170,0.02
91,Advance Auto Parts,"Roanoke, Va.",4379000,0.06,4406000,0.99,4098,0.02
90,Panera Bread Company,"St. Louis, Mo.",4487000,0.05,4487000,1,1880,0.06
89,Save Mart Supermarkets,"Modesto, Calif.",4518000,-0.03,4518000,1,217,-0.04
88,Williams-Sonoma,San Francisco,4591000,0.07,4682000,0.98,594,0.02
87,Ikea North America Services,"Conshohocken, Pa.",4611000,0.08,38437000,0.12,40,0.05
86,Burlington Coat Factory,"Burlington, N.J.",4707000,0.07,4761000,0.99,530,0.04
85,Ascena Retail Group,"Suffern, N.Y.",4713000,0.01,4850000,0.97,3834,0.00
84,Jack in the Box,"San Diego, Calif.",4781000,0.01,4781000,1,2888,0.01
83,Neiman Marcus,Dallas,4823000,0.04,4823000,1,87,0.02
82,Defense Commissary Agency,"Fort Lee, Va.",4890000,-0.03,4890000,1,179,0.00
81,Alimentation Couche-Tard,"Tempe, Ariz.",5167000,0.06,8983000,0.58,4044,0.05
80,Hudson's Bay,"Ontario, Canada",5174000,2.54,7937000,0.65,165,2.37
79,Big Lots,"Columbus, Ohio",5177000,0.01,5177000,1,1460,-0.02
78,Foot Locker,New York,5239000,0.07,7267000,0.72,2369,-0.02
77,Signet Jewelers,"Akron, Ohio",5251000,0.49,6312000,0.83,2868,0.95
76,AVB Brandsource,"Tustin, Calif.",5268000,0.02,5425000,0.97,3018,0.02
75,A&P,"Montvale, N.J.",5630000,-0.06,5630000,1,283,-0.02
74,Barnes & Noble,New York,5790000,-0.04,5790000,1,1364,0.00
73,Tractor Supply Co.,"Brentwood, Tenn.",5820000,0.13,5820000,1,1382,0.08
72,WinCo Foods,"Boise, Idaho",5872000,0.08,5872000,1,98,0.07
71,Chick-fil-A,Atlanta,5936000,0.14,5936000,1,1890,0.07
70,QVC,"West Chester, Pa.",5972000,0.04,8718000,0.69,N/A,N/A
69,PetSmart,Phoenix,6073000,0.02,6897000,0.88,1291,0.04
68,GameStop,"Grapevine, Texas",6225000,0.01,8683000,0.72,4198,-0.02
67,Darden Restaurants,"Orlando, Fla.",6259000,-0.21,6286000,1,2174,0.03
66,Good Neighbor Pharmacy,"Chesterbrook, Pa.",6414000,-0.12,6414000,1,3096,-0.02
65,Dillard's,"Little Rock, Ark.",6490000,0.01,6490000,1,297,0.00
64,Office Depot,"Boca Raton, Fla.",6587000,0.54,8106000,0.81,1745,0.60
63,Staples,"Framingham, Mass.",6607000,-0.05,9573000,0.69,1364,-0.10
62,Dick's Sporting Goods,"Coraopolis, Pa.",6811000,0.1,6811000,1,695,0.08
61,Sherwin-Williams,"Cleveland, Ohio",7047000,0.13,7360000,0.96,3764,0.02
60,Giant Eagle,"O'Hara Township, Pa.",7056000,0.03,7056000,1,429,0.02
59,DineEquity,"Glendale, Calif.",7137000,0.02,7589000,0.94,3449,0.01
58,O'Reilly Automotive,"Springfield, Mo.",7216000,0.09,7216000,1,4366,0.05
57,Wegmans Food Market,"Rochester, N.Y.",7405000,0.06,7405000,1,85,0.02
56,"Toys ""R"" Us","Wayne, N.J.",7450000,-0.01,14561000,0.51,1132,0.00
55,AutoZone,"Memphis, Tenn.",7523000,0.03,9132000,0.82,4947,0.03
54,Health Mart Systems,"Omaha, Neb.",7623000,0.03,10382000,0.73,3419,0.07
53,Dunkin' Brands Group,"Canton, Mass.",7720000,0.06,9774000,0.79,10566,0.04
52,Army / Air Force Exchange,Dallas,7738000,-0.01,7738000,1,610,0.07
51,Hy-Vee,"West Des Moines, Iowa",7895000,0.04,7895000,1,236,0.01
50,Dollar Tree,"Chesapeake, Va.",8390000,0.09,8596000,0.98,5157,0.07
49,Burger King Worldwide,Miami,8517000,-0.01,17110000,0.5,7128,0.00
48,Wendy's,"Dublin, Ohio",8886000,0.01,9388000,0.95,5750,-0.01
47,Trader Joe's,"Monrovia, Calif.",9388000,0.08,37606000,0.25,447,0.06
46,Menard,"Eau Claire, Wis.",9689000,0.04,9689000,1,287,0.03
45,L Brands,"Columbus, Ohio",10303000,0.1,10966000,0.94,2685,0.01
44,Bi-Lo,"Jacksonville, Fla.",10362000,0.16,10362000,1,800,0.20
43,Family Dollar Stores,"Matthews, N.C.",10489000,0.01,10489000,1,8042,0.02
42,Starbucks,Seattle,10604000,0.14,16448000,0.65,12560,0.10
41,Verizon Wireless,"Basking Ridge, N.J.",10959000,0.35,10959000,1,7024,-0.03
40,Ross Stores,"Pleasanton, Calif.",11032000,0.08,11042000,1,1361,0.07
39,7-Eleven,Dallas,11390000,0.02,88025000,0.13,8154,0.01
38,SUPERVALU,"Eden Prairie, Minn.",11499000,0.05,11499000,1,1557,0.01
37,Bed Bath & Beyond,"Union, N.J.",11708000,0.03,11878000,0.99,1466,0.01
36,Aldi,"Batavia, Ill.",11728000,0.08,53522000,0.22,1376,0.04
35,J.C. Penney Co.,"Plano, Texas",12184000,0.03,12257000,0.99,1063,-0.02
34,AT&T Wireless,Dallas,12960000,0.55,12960000,1,2156,0.00
33,Gap,San Francisco,13071000,0.02,16956000,0.77,2465,0.01
32,Nordstrom,Seattle,13259000,0.08,13280000,1,283,0.09
31,Doctor's Assoc. / Subway,"Milford, Conn.",13389000,0.04,24355000,0.55,27062,0.02
30,Whole Foods Market,"Austin, Texas",13642000,0.1,14060000,0.97,381,0.10
29,BJ's Wholesale Club,"Westborough, Mass.",13811000,0.07,13811000,1,210,0.05
28,Ace Hardware,"Oak Brook, Ill.",14299000,0.19,14345000,1,4251,0.02
27,WakeFern / ShopRite,"Keasbey, N.J.",14985000,0.06,14985000,1,330,0.05
26,Meijer,"Grand Rapids, Mich.",15689000,0,15689000,1,213,0.04
25,Delhaize America,"Salisbury, N.C.",17069000,-0.09,28417000,0.6,1361,-0.10
24,Dollar General,"Googlettsville, Tenn.",18910000,0.08,18910000,1,11789,0.06
23,Kohl's,"Menomonee Falls, Wis.",19023000,0,19023000,1,1162,0.00
22,Albertsons,"Boise, Idaho",19458000,0,19458000,1,1108,0.08
21,YUM! Brands,"Louisville, Ky.",19727000,0.03,31051000,0.64,17326,0.01
20,H-E-B Grocery,"San Antonio, Texas",19819000,0.06,21166000,0.94,317,0.02
19,TJX,"Framingham, Mass.",22206000,0.06,29061000,0.76,2569,0.05
18,Sears Holdings,"Hoffman Estates, Ill.",25763000,-0.12,26792000,0.96,1659,-0.13
17,Royal Ahold / Ahold USA,"Carlisle, Pa.",25976000,-0.01,44121000,0.59,768,0.00
16,Rite Aid,"Camp Hill, Pa.",26528000,0.04,26528000,1,4570,0.00
15,Macy's,"Cincinnati, Ohio",28027000,0.01,28105000,1,821,-0.02
14,Apple Store / iTunes,"Cupertino, Calif.",28380000,0.07,32879000,0.86,259,0.02
13,Publix Super Markets,"Lakeland, Fla.",30560000,0.06,30560000,1,1296,0.02
12,McDonald's,"Oak Brook, Ill.",35447000,-0.01,87786000,0.4,14350,0.01
11,Best Buy,"Richfield, Minn.",35957000,0,42437000,0.85,1445,-0.03
10,Safeway,"Pleasanton, Calif.",36330000,-0.02,36330000,1,1326,-0.01
9,Amazon.com,Seattle,49353000,0.23,83391000,0.59,N/A,N/A
8,Lowe's Companies,"Mooresville, N.C.",54805000,0.05,56203000,0.98,1793,0.04
7,CVS Caremark,"Woonsocket, R.I.",67974000,0.04,69132000,0.98,7808,0.02
6,Target,Minneapolis,72618000,0.02,74564000,0.97,1790,0.00
5,Walgreen,"Deerfield, Ill.",72671000,0.06,75085000,0.97,8157,0.01
4,The Home Depot,Atlanta,74203000,0.04,83195000,0.89,1965,0.00
3,Costco,"Issaquah, Wash.",79694000,0.07,111530000,0.72,464,0.04
2,The Kroger Co.,"Cincinnati, Ohio",103033000,0.1,103033000,1,3730,0.06
1,Wal-Mart Stores,"Bentonville, Ark.",343624000,0.03,508465000,0.68,5109,0.07
