Transformation,Model,Adj R2 (Train),Adj R2 (Test),F Statistic,Durbin Watson,Jarque Bera,Anderson Darling (Train),Anderson Darling (Test),White's (Train),AIC,BIC
x^-2,OLS,0.7417656090520064,0.7255880967226882,1.963529503140764e-235,1.9699726767037355,0.0,0.0,5.126165468530531e-23,4.678620444266641e-12,-36762.94207302805,-36525.7552930929
x^-3/2,OLS,0.7906228766835716,0.7753019465423476,3.433683724246922e-275,1.9513103562446878,0.0,0.0,8.269233131045701e-11,5.57834588633761e-14,-28119.679232195227,-27882.49245226008
x^-1,OLS,0.826766820080019,0.8006305394437352,3.12598124582e-311,1.9358344916984795,1.730450878372244e-111,2.7783142634315504e-25,0.0012857428444339792,7.867744788686253e-14,-19511.010540356514,-19273.82376042137
x^-1/2,OLS,0.8442861853981495,0.7995393136826239,0.0,1.940326713278046,3.537941805566476e-07,6.719411195072021e-05,0.09833740430047766,8.623409979727272e-10,-11166.644426231587,-10929.457646296441
x^-1/3,OLS,0.8452999687464381,0.7927638167532554,0.0,1.9478140708952383,0.013344333231526681,0.025924233943407995,0.17378923643775915,3.212725459592757e-08,-8636.6786002969,-8399.491820361754
x^-1/4,OLS,0.8448608884456054,0.7880542213606985,0.0,1.952485897855921,0.05553312296451867,0.12007595045392623,0.2058198693983736,1.1872922408985432e-07,-7515.610383489304,-7278.423603554158
x^-1/5,OLS,0.8442923283140322,0.7847838238184239,0.0,1.9555270460834568,0.05662042073657419,0.20083871022677394,0.21848037358009506,2.0703319494797097e-07,-6932.6547077330615,-6695.467927797916
ln(x),OLS,0.839717178719478,0.7681527733805551,0.0,1.9688850923997765,6.169489283883228e-05,0.08403681011099821,0.11752386028866653,2.86915290434173e-07,113.86923259605442,351.0560125312001
x^0.09,OLS,0.8362651255528682,0.7581720171121313,5.7e-322,1.9755095250836197,4.466440046531493e-09,0.013717107737826712,0.05187497547661242,1.2361365404227166e-07,-2367.5759103711443,-2130.3891304359986
x^1/5,OLS,0.8314342059291177,0.7453119851376263,1.96302153e-316,1.9828237454013307,8.726779353659992e-18,0.0006587351571899057,0.013489521555800191,2.6536818618594917e-08,1197.434587462961,1434.6213673981067
x^1/4,OLS,0.8287781037200144,0.7385415427493084,1.8659825565e-313,1.986204033588689,3.062060084451234e-24,0.00010376550350006554,0.006068558122772418,1.0748641405598417e-08,2646.552436791405,2883.7392167265507
x^1/3,OLS,0.8238244245002044,0.726253539274333,5.035421487845449e-308,1.9916359524742342,5.66567772685371e-40,3.0324507560430406e-06,0.0012468551832883325,1.9857317281626263e-09,4911.624950690344,5148.81173062549
x^1/2,OLS,0.8119081383165911,0.6977113123787757,1.4384078841150357e-295,2.0014577039512558,1.2969231559828253e-102,2.1151557728817154e-10,1.7834688161532552e-05,4.563061770633078e-11,9150.955462320337,9388.142242255482
x^1,OLS,0.7591135580455863,0.5772074333911859,1.3440048423843939e-248,2.019541552304991,0.0,0.0,4.492398152592996e-14,1.2094702234966195e-15,21090.993499863842,21328.180279798988
x^3/2,OLS,0.6790396102339354,0.4025643664406915,2.0485394886993236e-194,2.0207580035309185,0.0,0.0,1.4852600574931357e-25,2.7200883688244297e-18,32761.485238611906,32998.67201854705
x^2,OLS,0.5766037205559533,0.1801284058783157,1.2724663619602722e-142,2.012026629636767,0.0,0.0,0.0,2.3931797742503153e-19,44433.88885599973,44671.075635934874
ln^-2(x),OLS,0.8448276865641587,0.7897250235886513,0.0,1.949796879478321,0.03267666150163299,0.06806707657174044,0.19015239908322737,5.9115344286460085e-08,-11910.044964172721,-11672.858184237575
ln^-3/2(x),OLS,0.8444832404558672,0.7868773156864752,0.0,1.9526933106786124,0.05028126574409564,0.13409484421608686,0.20691084793633197,1.1689838484059426e-07,-10235.944444815897,-9998.757664880752
ln^-1(x),OLS,0.8439333622630696,0.783736533347507,0.0,1.9557370479854104,0.04457598633298349,0.20581645722456213,0.21549907837362578,1.960942375792507e-07,-8778.875367149516,-8541.68858721437
ln^-1/2(x),OLS,0.8431798617509348,0.7802984198052748,0.0,1.9589033897645522,0.023036616390047653,0.234546724000445,0.21025243960874912,2.7721181505234224e-07,-7856.576595060069,-7619.389815124923
ln^-1/3(x),OLS,0.8428837753317887,0.7790855251034315,0.0,1.959981721329244,0.016300093933646956,0.2306630225486089,0.20289500571929298,2.994490322890488e-07,-7874.597300977623,-7637.410521042477
ln^-1/4(x),OLS,0.8427273506315265,0.778466443587413,0.0,1.960524648174384,0.013372366174367746,0.22569041986652338,0.19786001111666485,3.0902018622048504e-07,-8042.331937279394,-7805.145157344248
ln^-1/5(x),OLS,0.8426308190476998,0.7780909388152477,0.0,1.9608515399305102,0.011777081434179071,0.22195983874734745,0.1948608197904004,3.1419629772860764e-07,-8237.429955845339,-8000.243175910193
ln(ln(x)),OLS,0.8422246615611655,0.7765583914021719,0.0,1.962167059096461,0.006645068907450047,0.20501140041952867,0.18141687869923273,3.3016523052927357e-07,-4338.745858132397,-4101.559078197251
ln^0.09(x),OLS,0.8420214641737886,0.7758166130473406,0.0,1.9627932420544618,0.004884429817189427,0.19462934804506765,0.17430752645424497,3.3486275206524044e-07,-8328.30262509539,-8091.115845160244
ln^1/5(x),OLS,0.8417865510638468,0.7749767588716817,0.0,1.9634940835385988,0.0033646819880545817,0.18139556933207,0.16738630694254242,3.378166981836796e-07,-6458.859894983911,-6221.673115048765
ln^1/4(x),OLS,0.8416720459743793,0.7745736432095409,0.0,1.9638274475940236,0.002787931964555072,0.1749306900051448,0.16413066778677257,3.3836436221314696e-07,-5819.119982641891,-5581.933202706745
ln^1/3(x),OLS,0.8414767897808804,0.7738949072793735,0.0,1.9643843592283121,0.002004277039925848,0.16390790393393645,0.15863124358651515,3.380573309588456e-07,-4910.316484493775,-4673.129704558629
ln^1/2(x),OLS,0.8410697574050865,0.7725115619323979,0.0,1.9655026580390669,0.0009706801085529835,0.1401059047759803,0.147959193396946,3.329635921223591e-07,-3410.163035338476,-3172.9762554033305
ln^3/2(x),OLS,0.8381689504016584,0.7634766329218181,5e-324,1.9722899554547932,1.384722677990665e-06,0.03834425966174899,0.08547794025389441,2.1380345091096397e-07,3102.967623061886,3340.154402997032
ln^2(x),OLS,0.8364270562258588,0.7584775559411083,3.66e-322,1.9756938620249478,8.372661210707073e-09,0.014915851982024915,0.05398737833403036,1.3970489015778386e-07,5874.792842836677,6111.9796227718225
x^-2,OLS Elastic,-0.5034615915214578,-0.987918988845516,1.0,1.4649163792571904,0.0,0.0,0.0,1.987297533760586e-15,-35115.79203795837,-34878.60525802322
x^-3/2,OLS Elastic,-0.954010146362199,-1.5945419698300856,1.0,1.1147171998967953,0.0,0.0,0.0,6.671185828723613e-18,-26031.354879530412,-25794.168099595267
x^-1,OLS Elastic,-2.3307160813731187,-3.3822934584484843,1.0,0.6433988450473225,1.4132763056803296e-173,0.0,4.698816958840044e-22,2.2528790962890104e-19,-16746.86625215702,-16509.679472221873
x^-1/2,OLS Elastic,-10.119896174512634,-13.314246159130542,1.0,0.18950545089509427,7.844178099540129e-29,0.0,1.2282782756253608e-09,7.649973226736296e-20,-7175.6236389328915,-6938.436858997746
x^-1/3,OLS Elastic,0.7171373929938942,0.6565203000634541,3.2045977758212266e-218,1.9618230999155581,0.005253610852915203,0.04595501940729457,0.7626869661608706,6.48187148431681e-12,-8072.43103437281,-7835.2442544376645
x^-1/4,OLS Elastic,0.7854516668229443,0.7203518255921838,1.4743298244337163e-270,1.9808988670197054,0.009433264666107652,0.017559455336058315,0.2604711136882948,4.714678471702489e-10,-7212.4713835401435,-6975.284603604998
x^-1/5,OLS Elastic,0.8051089814732026,0.7385931116232379,8.151575304993555e-289,1.9784041905906988,0.10052977132281876,0.03235989653858833,0.24448385270744913,6.6417798217052384e-09,-6722.784445858233,-6485.597665923087
ln(x),OLS Elastic,0.8340110673156202,0.7557486726729717,2.28066e-319,1.9775094001729285,4.5800551748506525e-05,0.11244242129705607,0.0986233622939596,8.021505628008366e-08,146.5766805380938,383.7634604732395
x^0.09,OLS Elastic,0.8309029308046029,0.7481921365266115,7.8048434e-316,1.9825822964150743,2.2048907040280884e-09,0.024518104940873652,0.03587967123732505,2.8615732980564386e-08,-2337.4460743890522,-2100.2592944539065
x^1/5,OLS Elastic,0.8297442551048684,0.7415271052904338,1.559973784e-314,1.9893777488780942,6.017409511715723e-18,0.00095075886418104,0.00586750681662718,1.2317002513371157e-08,1206.7617225009797,1443.9485024361254
x^1/4,OLS Elastic,0.8275556300097139,0.7360856770646118,4.225233136385e-312,1.9931343746562793,4.40492380331753e-25,0.00012639651630667322,0.00253014203048404,6.201810907533265e-09,2653.2043421561666,2890.3911220913124
x^1/3,OLS Elastic,0.8228740637441875,0.7247002344139692,5.324751106188113e-307,1.9970700522078695,1.0498176048503086e-40,2.8092361902455052e-06,0.000307807665517286,1.0179789580632471e-09,4916.655155320267,5153.841935255413
x^1/2,OLS Elastic,0.8107696505230376,0.6969193622523517,2.0220307299672183e-294,2.0065378565864234,2.16105971028254e-108,9.597706382197206e-11,4.319861226979688e-06,2.069051115619316e-11,9156.597798158851,9393.784578093997
x^1,OLS Elastic,0.7578496702274828,0.5815530800398776,1.3174114185464789e-247,2.017892705469386,0.0,0.0,2.1225867150993163e-14,4.524083180691466e-16,21095.886451605613,21333.07323154076
x^3/2,OLS Elastic,0.6767931323346761,0.42006872025554864,4.195698523347706e-193,2.017124389380039,0.0,0.0,6.788279601456299e-26,1.3379496531046202e-18,32768.00672919353,33005.193509128665
x^2,OLS Elastic,0.5723834571865377,0.22775599131699775,8.831977970305696e-141,2.007840015294123,0.0,0.0,0.0,1.4317239247653142e-19,44443.162461508095,44680.34924144324
ln^-2(x),OLS Elastic,-74.7904847951723,-94.03563516937686,1.0,0.027650227609415403,2.8716732068288163e-11,5.109710277116087e-15,8.910154507791535e-06,7.714554158689785e-20,-6121.2805990842335,-5884.093819149088
ln^-3/2(x),OLS Elastic,-134.20767311337914,-168.07170391341248,1.0,0.01548301624269324,5.123178820680461e-09,2.4016496774015014e-12,3.9775614974531624e-05,7.965186540739906e-20,-3908.038644154194,-3670.8518642190484
ln^-1(x),OLS Elastic,0.6992388648393049,0.6304019002294046,1.1919261506013776e-206,1.9580561461937889,0.7790610417982684,0.8689538687559342,0.5596220789839428,6.2103485030545514e-12,-8165.484233716581,-7928.297453781435
ln^-1/2(x),OLS Elastic,0.7477083529028083,0.678928074696972,7.724144026962621e-240,1.9660947214773556,0.23275298187302884,0.1421282810404328,0.17722226440821637,4.6507062713992547e-10,-7411.9969833880805,-7174.810203452935
ln^-1/3(x),OLS Elastic,0.7409363771647786,0.6732474164847049,7.9335965268948e-235,1.9643935581381489,0.15451925830983088,0.09585022417329202,0.20309054581449604,1.26470993702081e-09,-7407.015148547473,-7169.828368612327
ln^-1/4(x),OLS Elastic,0.7220519477292662,0.657319938940242,1.5737834183168004e-221,1.9572147877455455,0.23788755633664577,0.22770523660787587,0.12139683560530241,5.719622727325044e-10,-7509.893088179035,-7272.706308243889
ln^-1/5(x),OLS Elastic,0.7038153201160029,0.6383303875666908,1.5365783204184925e-209,1.949116570702108,0.10820340553765874,0.19698328385699893,0.0757678076211642,7.490573795357144e-11,-7646.146556600148,-7408.959776665002
ln(ln(x)),OLS Elastic,0.8161780373493427,0.7392808851310121,6.151862460734758e-300,1.9563193332623816,0.0011642187269506911,0.044714979760612776,0.3942171856883297,1.9488303410060187e-08,-4195.881988628692,-3958.695208693546
ln^0.09(x),OLS Elastic,0.535771276083757,0.5042466386445532,1.4197082611185815e-125,1.8487962551417574,0.04009197510246876,0.33893193365259877,0.5242788890675442,1.544099823076447e-14,-7320.4491121638275,-7083.262332228682
ln^1/5(x),OLS Elastic,0.7468410074182695,0.6873963988035047,3.446342474240691e-239,1.9358615591158566,0.009725469451482486,0.10607012332742415,0.5798364701601868,5.122577714519156e-11,-6019.341961094204,-5782.155181159058
ln^1/4(x),OLS Elastic,0.7810057496233456,0.7029463775239949,1.1528353878031596e-266,1.9370364903561732,0.0007396280863627044,0.042569805663736644,0.5132018933977831,2.5055516242822885e-09,-5515.8275481647925,-5278.640768229647
ln^1/3(x),OLS Elastic,0.8034806723001678,0.7257634159775772,3.112462536951044e-287,1.9470605418970688,0.00037643796319800424,0.030390992644588746,0.5378680871312913,1.0252425143367023e-08,-4709.4226023883475,-4472.235822453202
ln^1/2(x),OLS Elastic,0.8211085693696127,0.7402852194873999,4.115242317621027e-305,1.969517929398642,0.00017432119062580934,0.05528148667684263,0.22249870960831206,2.3753948806573653e-08,-3299.5397175165554,-3062.3529375814096
ln^3/2(x),OLS Elastic,0.836093086650445,0.7559566449991824,9e-322,1.978674523601706,7.432432976535106e-07,0.03784506928777791,0.11780442832930335,8.798035571202353e-08,3114.884925337052,3352.071705272198
ln^2(x),OLS Elastic,0.8344359828466927,0.7537382788949614,7.4075e-320,1.9821389223145736,1.0806320762879447e-08,0.025954450204328683,0.030367967422183628,6.118486389623325e-08,5886.105314786448,6123.2920947215935
x^-2,WLS,0.9726788449305623,0.6447489249042395,0.0,1.9633683987361967,0.0,0.0,0.0,7.634560489724373e-08,-36629.27368085325,-36392.086900918104
x^-3/2,WLS,0.9797396951583209,0.7369338589434916,0.0,1.9031875751853802,0.0,8.58491336573765e-22,0.0,5.879746170293678e-06,-29011.03619379697,-28773.849413861823
x^-1,WLS,0.7999414823367933,0.768250540700169,7.690460651760892e-284,1.8984863123688087,5.0825542105927e-16,9.091152415200101e-09,0.001594536324006901,9.572767023280124e-07,-19938.70139802881,-19701.514618093664
x^-1/2,WLS,0.8212690425392487,0.7903927429007129,2.7768980870096684e-305,1.9256160203118389,0.00020109347303497898,0.0010415383829941688,0.013730623428543883,1.3172710303432112e-07,-11266.601317774299,-11029.414537839153
x^-1/3,WLS,0.8297592884457627,0.7876219750445768,1.5007141993e-314,1.9401287577973754,0.01874340251096703,0.07004261119077558,0.037718177114213776,1.2854856101439868e-07,-8674.460873873652,-8437.274093938506
x^-1/4,WLS,0.8332022544808921,0.7845144584147841,1.923867e-318,1.9473188548288909,0.03472518144056546,0.20721207578743575,0.060805688457096864,1.4646574907298758e-07,-7532.759659050455,-7295.57287911531
x^-1/5,WLS,0.8349683987191929,0.7820976338398221,1.803e-320,1.9516236836267482,0.02760287592812499,0.28777727476243886,0.0754722765045582,1.6348798463237122e-07,-6940.937650347556,-6703.75087041241
ln(x),WLS,0.8442583944282389,0.7688678247989904,0.0,1.9705525598858562,0.00017295088692335673,0.06459309160146098,0.19189069005978457,4.912027066596583e-07,111.87790091751867,349.06468085266437
x^0.09,WLS,0.8406780301164583,0.7590472400754561,0.0,1.9770759090804912,1.1682651869170635e-07,0.011541909378814857,0.09957022631129173,3.782294093362977e-07,-2379.088981796348,-2141.9022018612022
x^1/5,WLS,0.8407979005331071,0.7468525861616663,0.0,1.9861399698026283,5.091983054435791e-12,0.0004984677493673147,0.062889685445063,5.007096922146744e-07,1161.3349314337424,1398.5217113688882
x^1/4,WLS,0.8405110955466115,0.740278640645841,0.0,1.990368863575153,1.2606500853265958e-14,7.944951759398931e-05,0.045312840008332064,5.639531002049732e-07,2594.487594164276,2831.6743740994216
x^1/3,WLS,0.8395545151940423,0.7281401141232471,0.0,1.9972302598343374,8.385014136030352e-20,2.180045470377324e-06,0.024153335019160015,6.719317586405556e-07,4826.8838804596035,5064.070660394749
x^1/2,WLS,0.8359485478937675,0.6991657053433107,1.32e-321,2.009729524729044,1.4228170740148731e-33,3.059340032642248e-10,0.0039543151338556825,8.573858541987867e-07,8978.823515026059,9216.010294961205
x^1,WLS,0.821738600850953,0.5619295635896837,8.765704666677959e-306,2.021000293985678,6.126803348100842e-83,1.5963811314702741e-21,1.113026827901912e-05,7.200059354202571e-07,20528.41993397805,20765.606713913196
x^3/2,WLS,0.9243674231688477,0.3752309161624485,0.0,2.0252622059787244,0.0,0.0,0.0,1.2124445437933202e-08,31776.08736943082,32013.274149365967
x^2,WLS,0.9136388590836364,0.16595255274399434,0.0,1.9879682260423568,0.0,0.0,0.0,6.512158323691221e-07,43072.52469926748,43309.711479202626
ln^-2(x),WLS,0.8357355584563744,0.7873773992069374,2.33e-321,1.9457926434551283,0.06611537882934462,0.15883779840968668,0.09598755188908976,1.6945689843682747e-07,-11936.266477603236,-11699.07969766809
ln^-3/2(x),WLS,0.8376633390427335,0.7852261524607645,1.5e-323,1.9498315981397125,0.06660465367889977,0.23812311316715987,0.11738617528077769,1.9509437285616355e-07,-10251.816428698025,-10014.629648762879
ln^-1(x),WLS,0.8393869379580854,0.7827097378096471,0.0,1.9539063209213055,0.04600933865824175,0.2796613081440908,0.14243472861275713,2.2911545341283555e-07,-8786.927859127989,-8549.741079192843
ln^-1/2(x),WLS,0.8409070052757751,0.7798226799747372,0.0,1.9580185049693495,0.021461010401387565,0.2635430214647016,0.16664855450315194,2.733992331521214e-07,-7859.340364008579,-7622.153584073433
ln^-1/3(x),WLS,0.8413686497111725,0.7787768508086227,0.0,1.9593974580830367,0.015208657232208905,0.2482932290297231,0.172072102459908,2.9081603510187193e-07,-7876.159737329219,-7638.972957394073
ln^-1/4(x),WLS,0.8415910526550603,0.778238137752393,0.0,1.9600884251345612,0.012583680743686742,0.2392196166039526,0.17421573045923883,3.000715858334626e-07,-8043.3988195849315,-7806.212039649786
ln^-1/5(x),WLS,0.8417218039110018,0.7779098347582422,0.0,1.9605034722290295,0.01116902973872584,0.2330419876276182,0.17585515408156982,3.0580658919167723e-07,-8238.233111270983,-8001.046331335838
ln(ln(x)),WLS,0.844172996223969,0.7768796866712024,0.0,1.9629154772641433,0.007090102272793501,0.18147188451975335,0.21913854153431753,3.397908612511198e-07,-4336.650384968624,-4099.463605033478
ln^0.09(x),WLS,0.8424512433616324,0.7758979261394516,0.0,1.9629555537982188,0.005076110913586872,0.1905325477113873,0.18310252504543006,3.425070864526352e-07,-8328.06292125332,-8090.876141318175
ln^1/5(x),WLS,0.8426953531657564,0.7751454076721859,0.0,1.963835816595259,0.0036917734200806345,0.173951891846769,0.1848493839102216,3.569170500675109e-07,-6458.458833081986,-6221.27205314684
ln^1/4(x),WLS,0.8428080112399828,0.7747824871795227,0.0,1.9642537655398915,0.003152887802881716,0.1658115739266378,0.18551732994195544,3.639984689625768e-07,-5818.681359010332,-5581.494579075186
ln^1/3(x),WLS,0.8429913245192586,0.7741689806784845,0.0,1.9649509857331064,0.002400320210146016,0.15258993540025725,0.18638378632314812,3.7616355747479504e-07,-4909.870904601866,-4672.68412466672
ln^1/2(x),WLS,0.8433412883541158,0.7729094367104224,0.0,1.966347682402381,0.0013408883866197281,0.12629729758326702,0.18869932907241072,4.018978731855243e-07,-3409.911885743928,-3172.7251058087822
ln^3/2(x),WLS,0.8449775513362511,0.7644252875846489,0.0,1.9747701988859674,1.3977350318106365e-05,0.027243883776339236,0.18444190501005606,6.005720990079788e-07,3096.2660238803805,3333.4528038155263
ln^2(x),WLS,0.845500396953383,0.7595735029033908,0.0,1.9789854137532314,6.934810027324612e-07,0.009431403493490233,0.16205986925616053,7.320323867345299e-07,5860.94608484645,6098.132864781595
x^-2,GLS,0.742299888539145,0.7254099397668499,7.966235073252727e-236,1.9657491166464187,0.0,0.0,6.063864012902245e-23,4.494975767840962e-12,-36763.1797968958,-36525.99301696065
x^-3/2,GLS,0.7913070721976518,0.775206398660705,8.205419892522322e-276,1.9446803813131455,0.0,0.0,1.0289068088817902e-10,5.210980660276658e-14,-28120.305214328586,-27883.11843439344
x^-1,GLS,0.8274077647285367,0.8006886749655622,6.152893459126e-312,1.9272748094274779,4.475722239227722e-112,1.7158885340086129e-25,0.001660049771398457,7.499464308380174e-14,-19512.098078757946,-19274.9112988228
x^-1/2,GLS,0.8446197616453953,0.7997039866419274,0.0,1.9325663945330434,2.583315904284378e-07,5.555917078934096e-05,0.10353544362797618,8.555505336988591e-10,-11167.582644862183,-10930.395864927037
x^-1/3,GLS,0.8455122893538279,0.7929268819289002,0.0,1.9411388538073937,0.011756801150579626,0.02400078375488608,0.18036229371035323,3.212255041965914e-08,-8637.39447054304,-8400.207690607895
x^-1/4,GLS,0.8450181847224968,0.7882087435846354,0.0,1.9464723131781714,0.05113142422139593,0.11595527511150387,0.21254377231280822,1.192342487491237e-07,-7516.202891028554,-7279.016111093409
x^-1/5,GLS,0.8444194997059601,0.7849310162300358,0.0,1.949938506691949,0.052987171844722146,0.19148252221717396,0.2266940719601296,2.0843376389130605e-07,-6933.173236314486,-6695.98645637934
ln(x),GLS,0.8397518670344079,0.7682581757070468,0.0,1.965108932293738,5.950111539743653e-05,0.08200332361937786,0.11816800694249364,2.903900231738459e-07,113.6168263352368,350.8036062703825
x^0.09,GLS,0.8362735261024177,0.7582536485611122,5.53e-322,1.972595883571859,4.345763368137197e-09,0.013409912651458914,0.051849911675137306,1.2500567311169297e-07,-2367.731721335736,-2130.5449414005902
x^1/5,GLS,0.8314263482797434,0.745366918128249,2.0035712e-316,1.9808304029900037,8.575099724931877e-18,0.0006526479943378626,0.013552451732437066,2.6763469979289082e-08,1197.358357889765,1434.5451378249109
x^1/4,GLS,0.828766929440302,0.7385843821928046,1.9201581984e-313,1.9846234993254002,3.0224644280609097e-24,0.00010345194838705881,0.006076112522780667,1.0823111860120334e-08,2646.5034324594176,2883.6902123945633
x^1/3,GLS,0.8238131335667622,0.7262778366568287,5.178900752321005e-308,1.9907005169285008,5.630229078932455e-40,3.0247307374185906e-06,0.0012425819860261977,1.9939906677563594e-09,4911.607110059181,5148.7938899943265
x^1/2,GLS,0.811911613806439,0.6977076396511679,1.4268129421328466e-295,2.0016236325784282,1.2966552938506659e-102,2.1146926855050127e-10,1.7837221728304058e-05,4.5597451725707884e-11,9150.954853654293,9388.14163358944
x^1,GLS,0.7591700054695033,0.5772176715558883,1.2133973191948902e-248,2.0214133154537928,0.0,0.0,4.5954557797196043e-14,1.2008564983613205e-15,21090.895306699826,21328.08208663497
x^3/2,GLS,0.6790284425276922,0.4026774811096402,2.0796335461795058e-194,2.0225872759344283,0.0,0.0,1.550540790064725e-25,2.7075879101210625e-18,32761.375527163404,32998.562307098546
x^2,GLS,0.5765140187099869,0.18027832334091298,1.3931173520235834e-142,2.0130601197312483,0.0,0.0,0.0,2.38944069361254e-19,44433.8520774215,44671.038857356645
ln^-2(x),GLS,0.8450139573799548,0.7898828272704249,0.0,1.9434395995658134,0.029537877606338133,0.06319533068797566,0.19639544064559522,5.928731669597035e-08,-11910.706607834305,-11673.51982789916
ln^-3/2(x),GLS,0.8446376697635628,0.7870295595381406,0.0,1.9467374818236083,0.04640200968394443,0.12682939495429296,0.214180586686517,1.175317970302593e-07,-10236.531426202193,-9999.344646267047
ln^-1(x),GLS,0.8440582823920629,0.7838817094970267,0.0,1.9501994742569564,0.04174528488306551,0.1980445262183034,0.22176437863475057,1.9760584428542924e-07,-8779.38874291721,-8542.201962982064
ln^-1/2(x),GLS,0.8432778733282227,0.7804351846442987,0.0,1.9537969071959151,0.02180054749061155,0.2294399500513719,0.2128928187619811,2.7987888587247027e-07,-7857.018671919747,-7619.8318919846015
ln^-1/3(x),GLS,0.8429734334391665,0.7792192191221627,0.0,1.9550210929592116,0.01546892067352782,0.22670480154360592,0.20365290370970507,3.0248890510298253e-07,-7875.016321987916,-7637.82954205277
ln^-1/4(x),GLS,0.8428129513265785,0.7785985561681057,0.0,1.955637267519383,0.01270707672676247,0.22171900646721268,0.19813369347755452,3.122323191788274e-07,-8042.739585495848,-7805.552805560702
ln^-1/5(x),GLS,0.8427140239010745,0.7782220883391869,0.0,1.9560081998140002,0.01119961540372879,0.2186015120276957,0.1950219968815874,3.1750574461627905e-07,-8237.830832661008,-8000.644052725862
ln(ln(x)),GLS,0.8422985757650681,0.7766855867828584,0.0,1.9575004818141917,0.006337150169082242,0.20224447021967548,0.18393899316557888,3.338071276140528e-07,-4339.120062413531,-4101.933282478385
ln^0.09(x),GLS,0.8420911498107391,0.7759418844728734,0.0,1.958210535530715,0.004663895528484624,0.19115979072253805,0.1777752396239972,3.3862447750551295e-07,-8328.664458358344,-8091.477678423198
ln^1/5(x),GLS,0.8418516490208066,0.7750998470118894,0.0,1.9590050399785253,0.00321702916830577,0.17772975617373749,0.17067177497009295,3.416797232825604e-07,-6459.208130764051,-6222.021350828905
ln^1/4(x),GLS,0.8417350148233991,0.7746956821980142,0.0,1.9593828784166336,0.0026672121295271186,0.1711734227171851,0.16728857710813363,3.4226289634998016e-07,-5819.461842704956,-5582.275062769811
ln^1/3(x),GLS,0.8415362772050159,0.7740151788767237,0.0,1.960013975623131,0.001919386607179589,0.15952776599996496,0.16166004720686758,3.419965636321971e-07,-4910.647825811987,-4673.461045876841
ln^1/2(x),GLS,0.8411225348612805,0.7726282318260939,0.0,1.9612808122795775,0.0009313266918017783,0.1358577012726979,0.1496038213359209,3.3691410142370713e-07,-3410.4737547540544,-3173.2869748189087
ln^3/2(x),GLS,0.8381886222686439,0.7635702464433276,5e-324,1.9689567515712063,1.3418704823315756e-06,0.03744477574793671,0.0860124872421298,2.1632834665431587e-07,3102.767761986228,3339.9545419213737
ln^2(x),GLS,0.836434749889076,0.7585590822918249,3.6e-322,1.9727974515080415,8.150913972155921e-09,0.014587962798810665,0.05380993671217573,1.4124757400469985e-07,5874.63935242556,6111.826132360706
x^-2,GLM,0.9954829386656112,,,1.9650315700661172,0.0,0.0,0.0,4.981278548307359e-21,-39042.25672821181,-5847.573358506818
x^-3/2,GLM,0.9959222451525044,,,1.9614850765045089,0.0,0.0,1.8908161437190123e-24,4.6312306008634246e-20,-29473.335942258575,-5939.33787923838
x^-1,GLM,0.9959858246445501,,,1.9586834289532604,2.0319561944134167e-276,0.0,1.0111941236927858e-10,9.788280548177883e-18,-20120.224337334486,-6006.152994947389
x^-1/2,GLM,0.9956123253189638,,,1.9609549769191055,1.0564970772178444e-15,4.3225029789454894e-07,0.0016230013987459397,7.943091241148112e-12,-11300.840768186172,-6046.936721762108
x^-1/3,GLM,0.9953689600248585,,,1.9632510824790348,0.0005031686019137172,0.008958838573403434,0.03128469771297259,3.1768156286587055e-09,-8686.267832017547,-6054.5761525861235
x^-1/4,GLM,0.9952209410840833,,,1.964596551477029,0.027917555472784503,0.09832890923584586,0.08882437508705857,3.491965849939513e-08,-7537.656185137421,-6057.260354731553
x^-1/5,GLM,0.9951230396243896,,,1.965442491927549,0.06138576633215185,0.201991754605103,0.12549489534066136,1.0250128796055469e-07,-6942.92919486531,-6058.505232394053
ln(x),GLM,0.9948905790614634,,,1.9638572434600712,1.4726467227737412e-05,0.058589625247781184,0.10616441119497043,2.2839993045419309e-07,113.0777365913782,-6060.247814605179
x^0.09,GLM,0.9943907902449856,,,1.9704171928861671,2.748222815232561e-10,0.007818677646986209,0.04285402527624486,9.038932734297714e-08,-2380.2401118673006,-6060.225341174741
x^1/5,GLM,0.9940555687611583,,,1.9719570086037557,1.1811915288111733e-22,8.186687554074543e-05,0.005605204747922929,1.122426154321448e-08,1154.8061168232807,-6058.4890739931
x^1/4,GLM,0.9938813218264639,,,1.9726095444587275,2.82098370809379e-32,3.858580917519156e-06,0.001611921801933774,3.5016378823990124e-09,2584.5273171831645,-6057.228803532694
x^1/3,GLM,0.9935675774983028,,,1.9735719223619133,1.9678334531200433e-56,7.010100189111987e-09,0.00011733443597942701,4.497498313606205e-10,4810.0182430889545,-6054.501406488306
x^1/2,GLM,0.9928448890361762,,,1.9750052143300063,9.415735141561214e-155,5.787725352150724e-17,8.240515276147816e-08,7.75423442910678e-12,8943.76611595555,-6046.684859192764
x^1,GLM,0.9897419024960173,,,1.9762402521245717,0.0,0.0,3.23947932199452e-23,1.672546737988689e-15,20370.91847261053,-6004.155830310375
x^3/2,GLM,0.9848013216035907,,,1.976516652523688,0.0,0.0,0.0,7.075890751776612e-17,31268.170303471838,-5932.699266245076
x^2,GLM,0.9775706389597324,,,1.978624529598343,0.0,0.0,0.0,3.9569512158865437e-17,41954.9732916084,-5832.180340889144
ln^-2(x),GLM,0.9956194628473585,,,1.9588167512106822,0.01451024038790435,0.056356880655419495,0.08977037747044735,2.3838769168772342e-08,-11941.762820881811,-6058.824744690191
ln^-3/2(x),GLM,0.9955143434283084,,,1.9596261541680733,0.04318728051780243,0.14419843173286395,0.12861141334544782,7.10104742733064e-08,-10254.650694845523,-6059.655162628594
ln^-1(x),GLM,0.9954030142428089,,,1.9604609841904652,0.052189578398202915,0.23381614574204287,0.17175144787071547,1.593597445622307e-07,-8787.75601297975,-6060.248822163994
ln^-1/2(x),GLM,0.9952852324275718,,,1.9613112582443621,0.028247974269511714,0.2544544324471945,0.1924437633278872,2.657054589192119e-07,-7858.789624179481,-6060.605309459356
ln^-1/3(x),GLM,0.9952444943687166,,,1.9615963945021493,0.019225547789111334,0.24340750520684448,0.19368675934425594,2.949672438303032e-07,-7875.283841124445,-6060.671364140764
ln^-1/4(x),GLM,0.9952238429267249,,,1.9617390787547964,0.015306286860114827,0.23622653563056611,0.1924933774085067,3.0703304733109433e-07,-8042.384978330927,-6060.694488091088
ln^-1/5(x),GLM,0.9952113609878348,,,1.9618247005875264,0.013193602763375913,0.23101482071053853,0.191178658201526,3.1330132835572216e-07,-8237.144312705495,-6060.705192343813
ln(ln(x)),GLM,0.9952020202472264,,,1.9600872154709554,0.004959589094436004,0.18511158781859022,0.18563958050443147,3.211484203656344e-07,-4334.711210321839,-6060.639867985114
ln^0.09(x),GLM,0.9951364215374271,,,1.9623287586572913,0.004554088182162006,0.1906561966517571,0.17539358188471568,3.332284461306224e-07,-8326.649856806733,-6060.7199677102835
ln^1/5(x),GLM,0.995109012313473,,,1.9625087563394643,0.002863106478858864,0.17389394965255295,0.1688254696113991,3.328249213048155e-07,-6456.977801115136,-6060.705184282617
ln^1/4(x),GLM,0.9950959030304259,,,1.9625940071553987,0.002259960105061464,0.1659069135045113,0.16541038034538502,3.312483669660498e-07,-5817.1768320089905,-6060.694472346597
ln^1/3(x),GLM,0.9950738961640787,,,1.9627358921504692,0.0014868417485342132,0.15219150998358208,0.15997359602096375,3.2671392718512106e-07,-4908.339625800552,-6060.671326820658
ln^1/2(x),GLM,0.9950292850788517,,,1.963018762281383,0.0005844753922528349,0.12269631659225737,0.14734056727403638,3.110616219628058e-07,-3408.3732150273863,-6060.605183505638
ln^3/2(x),GLM,0.9947443392625617,,,1.964674059720859,7.255445969966972e-08,0.01903934207411708,0.06793570841644234,1.3522081585753338e-07,3096.60225859773,-6059.651762516622
ln^2(x),GLM,0.9945902675173693,,,1.9654616001872234,4.233928175442892e-11,0.004589633996442125,0.03666192108371231,6.698722065187581e-08,5859.912133925997,-6058.816686489943
